SERIE;FECHA;TIPO;CLASE_10;CONTADOR_10;CLASE_20;CONTADOR_20;MOTIVO;OBSERVACION
BRCSV1G092;12/06/2026;21;10;3869;20;3546;;
BRCSV1G07Q;12/06/2026;21;10;2761;20;2027;;
BRCSV1G097;12/06/2026;21;10;1893;20;786;;
BRCSV1G09T;12/06/2026;21;10;18;20;138;;
BRCSV1G0CF;12/06/2026;21;10;4367;20;2802;;
BRCSV1G08K;12/06/2026;21;10;7953;20;1675;;
BRCSV1G0B6;12/06/2026;21;10;10148;20;2668;;
MXCCV1X0JF;12/06/2026;21;10;7580;20;5978;;
MXCCV1X0JM;12/06/2026;21;10;4713;20;8051;;
MXBCT7X0VG;12/06/2026;21;10;1056;20;2837;;
MXBCT7X0VM;12/06/2026;21;10;1823;20;1646;;
MXBCT830JV;12/06/2026;21;10;4611;20;906;;
MXBCT830FK;12/06/2026;21;10;1565;20;4419;;
MXBCT7X0VZ;12/06/2026;21;10;9;20;255;;
MXBCT7X0TK;12/06/2026;21;10;4861;20;6886;;
MXBCT7X0SZ;12/06/2026;21;10;77;20;269;;
MXBCT7X0T9;12/06/2026;21;10;897;20;9810;;
MXBCT7X0TG;12/06/2026;21;10;29;20;70;;
MXBCT830QQ;12/06/2026;21;10;952;20;784;;
MXBCT7X0W7;12/06/2026;21;10;155;20;243;;
MXBCT830RM;12/06/2026;21;10;225;20;765;;
MXBCT7X0WB;12/06/2026;21;10;159;20;383;;
MXBCT7X0V2;12/06/2026;21;10;22;20;200;;
MXBCT830FN;12/06/2026;21;10;1367;20;2309;;
MXBCT7X0VP;12/06/2026;21;10;962;20;57;;
MXBCT830FR;12/06/2026;21;10;1956;20;1186;;
MXBCT830NM;12/06/2026;21;10;423;20;140;;
MXBCT830NC;12/06/2026;21;10;1623;20;1501;;
MXBCT7X0TN;12/06/2026;21;10;977;20;854;;
MXBCT830P6;12/06/2026;21;10;251;20;354;;
MXBCT830NW;12/06/2026;21;10;2069;20;1400;;
MXBCT7X0VL;12/06/2026;21;10;629;20;1693;;
MXBCT7X0V8;12/06/2026;21;10;2195;20;1731;;
MXBCT830FG;12/06/2026;21;10;582;20;253;;
MXBCT7X0V5;12/06/2026;21;10;1857;20;1193;;
JPBCS2V04Q;12/06/2026;21;10;255;20;1157;;
JPBCS2V04Z;12/06/2026;21;10;7;20;42;;
JPBCS2V04D;12/06/2026;21;10;680;20;6;;
JPBCS2V044;12/06/2026;21;10;44;20;104;;
JPBCS2V04L;12/06/2026;21;10;1312;20;3550;;
JPBCS2V04J;12/06/2026;21;10;115;20;755;;
JPBCS2V050;12/06/2026;21;10;204;20;1139;;
JPBCS2V04B;12/06/2026;21;10;115;20;280;;
JPBCS2V049;12/06/2026;21;10;7;20;44;;
JPBCS2V04C;12/06/2026;21;10;162;20;500;;
JPBCS2V04F;12/06/2026;21;10;925;20;2402;;
JPBCT4B0LC;12/06/2026;21;10;197;20;342;;
JPBCS641LH;12/06/2026;21;10;1738;20;372;;
CN0CCDH013;12/06/2026;21;10;2054;;0;;
CN16LFH15F;12/06/2026;21;10;1212;;0;;
PHCNG09427;12/06/2026;21;10;3036;;0;;
PHCNG09446;12/06/2026;21;10;9391;;0;;
PHCNG09453;12/06/2026;21;10;3437;;0;;
PHCNG09435;12/06/2026;21;10;2989;;0;;
PHCNG09429;12/06/2026;21;10;13181;;0;;
PHCNG09546;12/06/2026;21;10;4137;;0;;
PHCNG09231;12/06/2026;21;10;445;;0;;
PHCNG09432;12/06/2026;21;10;519;;0;;
PHCNG09437;12/06/2026;21;10;6443;;0;;
PHCNG08854;12/06/2026;21;10;1625;;0;;
PHCNG09442;12/06/2026;21;10;684;;0;;
PHCNG09447;12/06/2026;21;10;4299;;0;;
PHCNG09439;19/05/2026;21;10;1122;;0;;
PHCNG09551;12/06/2026;21;10;2265;;0;;
PHCNG08862;12/06/2026;21;10;11050;;0;;
PHCNG08864;12/06/2026;21;10;6216;;0;;
PHCNG08865;12/06/2026;21;10;16226;;0;;
PHCNG09472;12/06/2026;21;10;3443;;0;;
PHCNG09425;12/06/2026;21;10;8117;;0;;
PHCNG09434;12/06/2026;21;10;7688;;0;;
PHCNG09545;12/06/2026;21;10;500;;0;;
PHCNG08799;12/06/2026;21;10;1057;;0;;
PHCNG09448;12/06/2026;21;10;90;;0;;
PHCNG09433;12/06/2026;21;10;407;;0;;
PHCNG09444;12/06/2026;21;10;107;;0;;
PHCNG08834;12/06/2026;21;10;2458;;0;;
PHCNG08825;12/06/2026;21;10;361;;0;;
PHCNG09224;12/06/2026;21;10;1598;;0;;
PHCNG09415;12/06/2026;21;10;192;;0;;
PHCNG08796;12/06/2026;21;10;1281;;0;;
PHCNG08843;12/06/2026;21;10;210;;0;;
PHCNG08819;12/06/2026;21;10;4642;;0;;
PHCNG09443;12/06/2026;21;10;76;;0;;
PHCNG09430;12/06/2026;21;10;399;;0;;
PHCNG09445;12/06/2026;21;10;196;;0;;
PHCNG08831;12/06/2026;21;10;66;;0;;
PHCNG08820;12/06/2026;21;10;79;;0;;
PHCNG09534;12/06/2026;21;10;500;;0;;
PHCNG09548;12/06/2026;21;10;211;;0;;
PHCNG08810;12/06/2026;21;10;99;;0;;
PHCNG08841;12/06/2026;21;10;21;;0;;
PHCNG09440;12/06/2026;21;10;230;;0;;
PHCNG09436;12/06/2026;21;10;82;;0;;
PHCNG09550;12/06/2026;21;10;15;;0;;
PHCNG09554;12/06/2026;21;10;132;;0;;
PHCNG08808;12/06/2026;21;10;10;;0;;
BRCST9V00H;12/06/2026;21;10;18783;;0;;
BRBSS650GR;12/06/2026;21;10;3564;;0;;
CNBRSDS1Z2;12/06/2026;21;10;3444;;0;;
CNBRSDS1NX;12/06/2026;21;10;2518;;0;;
CNBRSDS2LS;12/06/2026;21;10;2704;;0;;
CNBRSDS2D0;12/06/2026;21;10;504;;0;;
CNBRSDS1WF;12/06/2026;21;10;741;;0;;
CNBRSDS2G4;12/06/2026;21;10;1239;;0;;
CNBRSDS1Q4;12/06/2026;21;10;2912;;0;;
CNBRSDS2JG;12/06/2026;21;10;12183;;0;;
CNBRSDS2HF;12/06/2026;21;10;3343;;0;;
CNBRSDS2HR;12/06/2026;21;10;3383;;0;;
CNBRSDS2J1;12/06/2026;21;10;8320;;0;;
CNBRSDS2H0;12/06/2026;21;10;8500;;0;;
CNBRSDR4X3;12/06/2026;21;10;3250;;0;;
CNBRSDR4TY;12/06/2026;21;10;935;;0;;
CNBRSDR4SS;12/06/2026;21;10;709;;0;;
CNBRSDR4Y1;12/06/2026;21;10;556;;0;;
CNBRSDR4YZ;12/06/2026;21;10;855;;0;;
CNBRSDR4YM;12/06/2026;21;10;1159;;0;;
CNBRSDR4TP;12/06/2026;21;10;83;;0;;
BRBSS930DC;12/06/2026;21;10;14571;;0;;
0ACTBJFK80001LX;12/06/2026;21;10;73753;;0;;
0ACTBJFK80002VF;12/06/2026;21;10;27256;;0;;
0BLRBJKK10000PM;12/06/2026;21;10;44019;20;68380;;
0BLRBJMJB00001T;12/06/2026;21;10;162740;20;199636;;
